program_code,program_name,program_description,faculty_name,institution_name,is_active
"AMIGO-PRE-01,""Actividad Física y Deporte (Presencial)"",""Formación profesional enfocado en el entrenamiento deportivo la actividad física y el bienestar social."",""Facultad de Ciencias Sociales, Salud y Bienestar"",""Universidad Católica Luis Amigó"",true"
"AMIGO-PRE-02,""Desarrollo Familiar (Presencial)"",""Estudio e intervención en dinámicas familiares con un enfoque de derechos y desarrollo humano."",""Facultad de Ciencias Sociales, Salud y Bienestar"",""Universidad Católica Luis Amigó"",true"
"AMIGO-PRE-03,""Gastronomía Profesional (Presencial)"",""Formación en artes culinarias gestión gastronómica y cultura de la alimentación."",""Facultad de Ciencias Sociales, Salud y Bienestar"",""Universidad Católica Luis Amigó"",true"
"AMIGO-PRE-04,""Psicología (Presencial)"",""Estudio del comportamiento humano salud mental y procesos psicológicos individuales y colectivos."",""Facultad de Ciencias Sociales, Salud y Bienestar"",""Universidad Católica Luis Amigó"",true"
"AMIGO-PRE-05,""Psicología (Distancia)"",""Formación profesional en psicología bajo la modalidad de educación a distancia."",""Facultad de Ciencias Sociales, Salud y Bienestar"",""Universidad Católica Luis Amigó"",true"
"AMIGO-PRE-06,""Trabajo Social (Distancia)"",""Intervención social orientada al bienestar de comunidades y resolución de problemáticas sociales."",""Facultad de Ciencias Sociales, Salud y Bienestar"",""Universidad Católica Luis Amigó"",true"
"AMIGO-PRE-07,""Arquitectura - Híbrida (presencial - virtual)"",""Diseño de espacios y ordenamiento territorial combinando componentes presenciales y virtuales."",""Facultad de Ingenierías y Arquitectura"",""Universidad Católica Luis Amigó"",true"
"AMIGO-PRE-08,""Ingeniería de Sistemas (Presencial)"",""Desarrollo de software gestión de infraestructura informática redes y tecnologías de innovación."",""Facultad de Ingenierías y Arquitectura"",""Universidad Católica Luis Amigó"",true"
"AMIGO-PRE-09,""Administración de Empresas (Presencial)"",""Dirección estratégica gestión corporativa y desarrollo organizacional competitivo."",""Facultad de Ciencias Administrativas, Económicas y Contables"",""Universidad Católica Luis Amigó"",true"
"AMIGO-PRE-10,""Contaduría Pública (Presencial)"",""Sistemas de información financiera auditoría control fiscal y gestión tributaria."",""Facultad de Ciencias Administrativas, Económicas y Contables"",""Universidad Católica Luis Amigó"",true"
"AMIGO-PRE-11,""Negocios Internacionales (Presencial)"",""Gestión de comercio exterior finanzas globales logística y relaciones comerciales internacionales."",""Facultad de Ciencias Administrativas, Económicas y Contables"",""Universidad Católica Luis Amigó"",true"
"AMIGO-PRE-12,""Derecho (Presencial)"",""Formación jurídica fundamentada en el humanismo cristiano para la justicia y solución de conflictos."",""Facultad de Derecho y Ciencias Políticas"",""Universidad Católica Luis Amigó"",true"
"AMIGO-PRE-13,""Comunicación Social (Presencial)"",""Producción de contenidos informativos periodismo y dinámicas comunicativas mediáticas."",""Facultad de Comunicación, Publicidad y Diseño"",""Universidad Católica Luis Amigó"",true"
"AMIGO-PRE-14,""Diseño Gráfico (Presencial)"",""Creación de discursos visuales identidad de marca ilustración y soluciones creativas."",""Facultad de Comunicación, Publicidad y Diseño"",""Universidad Católica Luis Amigó"",true"
"AMIGO-PRE-15,""Publicidad (Presencial)"",""Estrategias de comunicación comercial mercadeo comportamiento del consumidor y pauta."",""Facultad de Comunicación, Publicidad y Diseño"",""Universidad Católica Luis Amigó"",true"
"AMIGO-PRE-16,""Filosofía (Presencial)"",""Investigación y análisis crítico de problemáticas culturales éticas y del pensamiento humano."",""Facultad de Educación y Humanidades"",""Universidad Católica Luis Amigó"",true"
"AMIGO-PRE-17,""Licenciatura en Educación Infantil - Híbrida (presencial - virtual)"",""Formación pedagógica innovadora para el desarrollo integral de la primera infancia."",""Facultad de Educación y Humanidades"",""Universidad Católica Luis Amigó"",true"
"AMIGO-PRE-18,""Licenciatura en Lenguas Extranjeras con énfasis en Inglés (Presencial)"",""Enseñanza formativa del idioma inglés y procesos de bilingüismo intercultural."",""Facultad de Educación y Humanidades"",""Universidad Católica Luis Amigó"",true"
"AMIGO-PRE-19,""Teología (Presencial)"",""Estudio riguroso del hecho religioso la revelación y el pensamiento teológico."",""Facultad de Educación y Humanidades"",""Universidad Católica Luis Amigó"",true"
"AMIGO-TEC-01,""Tecnología en Criminología e Investigación Forense (Presencial)"",""Formación técnica en análisis del crimen recolección probatoria e investigación judicial."",""Facultad de Derecho y Ciencias Políticas"",""Universidad Católica Luis Amigó"",true"
"AMIGO-TEC-02,""Tecnología en Desarrollo de Software (Presencial)"",""Capacitación técnica en lenguajes de programación bases de datos y desarrollo de aplicaciones."",""Facultad de Ingenierías y Arquitectura"",""Universidad Católica Luis Amigó"",true"
"AMIGO-POS-01,""Maestría en Administración - MBA (Presencial)"",""Profundización en alta gerencia dirección estratégica y toma de decisiones corporativas."",""Facultad de Ciencias Administrativas, Económicas y Contables"",""Universidad Católica Luis Amigó"",true"
"AMIGO-POS-02,""Maestría en Gerencia Financiera (Presencial)"",""Análisis avanzado de mercados económicos inversión y planeación financiera corporativa."",""Facultad de Ciencias Administrativas, Económicas y Contables"",""Universidad Católica Luis Amigó"",true"
"AMIGO-POS-03,""Especialización en Finanzas (Presencial)"",""Formación en administración de recursos financieros y evaluación de proyectos de inversión."",""Facultad de Ciencias Administrativas, Económicas y Contables"",""Universidad Católica Luis Amigó"",true"
"AMIGO-POS-04,""Especialización en Finanzas (Virtual)"",""Formación virtual enfocada en la gestión financiera y optimización del capital corporativo."",""Facultad de Ciencias Administrativas, Económicas y Contables"",""Universidad Católica Luis Amigó"",true"
"AMIGO-POS-05,""Especialización en Gerencia de Mercadeo (Presencial)"",""Diseño de estrategias de posicionamiento de marca ventas y comportamiento del mercado."",""Facultad de Ciencias Administrativas, Económicas y Contables"",""Universidad Católica Luis Amigó"",true"
"AMIGO-POS-06,""Especialización en Gerencia de Servicios en Salud (Presencial)"",""Dirección administrativa y operativa de instituciones prestadoras de servicios de salud."",""Facultad de Ciencias Administrativas, Económicas y Contables"",""Universidad Católica Luis Amigó"",true"
"AMIGO-POS-07,""Especialización en Gestión y Control Tributario (Presencial)"",""Estudio detallado del marco legal impositivo impuestos y planeación fiscal corporativa."",""Facultad de Ciencias Administrativas, Económicas y Contables"",""Universidad Católica Luis Amigó"",true"
"AMIGO-POS-08,""Especialización en Gerencia del Talento Humano (Presencial)"",""Gestión del capital humano clima laboral contratación y desarrollo de competencias."",""Facultad de Ciencias Administrativas, Económicas y Contables"",""Universidad Católica Luis Amigó"",true"
"AMIGO-POS-09,""Especialización en Gerencia del Talento Humano (Virtual)"",""Formación virtual enfocada en liderazgo y dirección estratégica del talento humano corporativo."",""Facultad de Ciencias Administrativas, Económicas y Contables"",""Universidad Católica Luis Amigó"",true"
"AMIGO-POS-10,""Especialización en Relaciones Públicas (Presencial)"",""Gestión estratégica de la reputación corporativa comunicación institucional y manejo de públicos."",""Facultad de Comunicación, Publicidad y Diseño"",""Universidad Católica Luis Amigó"",true"
"AMIGO-POS-11,""Maestría en Derecho (Presencial)"",""Investigación jurídica avanzada análisis normativo y profundización socio-jurídica."",""Facultad de Derecho y Ciencias Políticas"",""Universidad Católica Luis Amigó"",true"
"AMIGO-POS-12,""Especialización en Derecho Administrativo (Presencial)"",""Estudio de las relaciones legales entre los ciudadanos y las entidades estatales públicas."",""Facultad de Derecho y Ciencias Políticas"",""Universidad Católica Luis Amigó"",true"
"AMIGO-POS-13,""Especialización en Derecho Empresarial (Presencial)"",""Marco legal de las organizaciones derecho societario contractual y comercial corporativo."",""Facultad de Derecho y Ciencias Políticas"",""Universidad Católica Luis Amigó"",true"
"AMIGO-POS-14,""Especialización en Derecho Laboral y Seguridad Social (Presencial)"",""Regulación de relaciones de trabajo contratación prestaciones y sistema de pensiones."",""Facultad de Derecho y Ciencias Políticas"",""Universidad Católica Luis Amigó"",true"
"AMIGO-POS-15,""Especialización en Derecho de Familia Infancia y Adolescencia (Presencial)"",""Protección jurídica de los vínculos familiares y los derechos de los menores de edad."",""Facultad de Derecho y Ciencias Políticas"",""Universidad Católica Luis Amigó"",true"
"AMIGO-POS-16,""Especialización en Derecho Penal y Criminología (Presencial)"",""Estudio de la conducta punible dogmática penal debido proceso y teoría del delito."",""Facultad de Derecho y Ciencias Políticas"",""Universidad Católica Luis Amigó"",true"
"AMIGO-POS-17,""Doctorado en Educación (Presencial)"",""Investigación de alto nivel académico para la transformación y desarrollo de sistemas educativos."",""Facultad de Educación y Humanidades"",""Universidad Católica Luis Amigó"",true"
"AMIGO-POS-18,""Doctorado en Educación (Virtual)"",""Investigación doctoral virtual enfocada en la producción de conocimiento pedagógico avanzado."",""Facultad de Educación y Humanidades"",""Universidad Católica Luis Amigó"",true"
"AMIGO-POS-19,""Maestría en Educación (Presencial)"",""Profundización en prácticas pedagógicas currículo inclusión y gestión en el aula."",""Facultad de Educación y Humanidades"",""Universidad Católica Luis Amigó"",true"
"AMIGO-POS-20,""Maestría en Educación (Virtual)"",""Formación virtual avanzada para la innovación de los procesos de enseñanza y aprendizaje."",""Facultad de Educación y Humanidades"",""Universidad Católica Luis Amigó"",true"
"AMIGO-POS-21,""Maestría en Estudios Teológicos Contemporáneos (Presencial)"",""Reflexión y análisis de las corrientes contemporáneas del pensamiento y la fe teológica."",""Facultad de Educación y Humanidades"",""Universidad Católica Luis Amigó"",true"
"AMIGO-POS-22,""Maestría en Fundamentos de la Docencia en Lenguas Extranjeras (Presencial)"",""Investigación en metodologías didácticas aplicadas a la enseñanza de lenguas."",""Facultad de Educación y Humanidades"",""Universidad Católica Luis Amigó"",true"
"AMIGO-POS-23,""Especialización en Docencia Universitaria (Virtual)"",""Formación virtual en metodologías pedagógicas y didácticas para la educación superior."",""Facultad de Educación y Humanidades"",""Universidad Católica Luis Amigó"",true"
"AMIGO-POS-24,""Especialización en Gestión Educativa (Virtual)"",""Dirección administrativa y pedagógica de instituciones y centros educativos de forma virtual."",""Facultad de Educación y Humanidades"",""Universidad Católica Luis Amigó"",true"
"AMIGO-POS-25,""Especialización en Big Data e Inteligencia de Negocios (Presencial)"",""Análisis predictivo de grandes volúmenes de datos aplicados a la toma de decisiones empresariales."",""Facultad de Ingenierías y Arquitectura"",""Universidad Católica Luis Amigó"",true"
"AMIGO-POS-26,""Doctorado en Estudios Interdisciplinarios en Psicología (Presencial)"",""Investigación doctoral con enfoque integrador sobre el comportamiento y la psique humana."",""Facultad de Ciencias Sociales, Salud y Bienestar"",""Universidad Católica Luis Amigó"",true"
"AMIGO-POS-27,""Maestría en Neuropsicopedagogía (Presencial)"",""Estudio interdisciplinario entre neurociencias y procesos de aprendizaje escolar."",""Facultad de Ciencias Sociales, Salud y Bienestar"",""Universidad Católica Luis Amigó"",true"
"AMIGO-POS-28,""Maestría en Intervenciones Psicosociales (Virtual)"",""Diseño virtual de estrategias de intervención para el acompañamiento a grupos vulnerables."",""Facultad de Ciencias Sociales, Salud y Bienestar"",""Universidad Católica Luis Amigó"",true"
"AMIGO-POS-29,""Maestría en Adicciones y Salud Mental (Presencial)"",""Investigación y abordaje terapéutico de trastornos por dependencia y salud pública mental."",""Facultad de Ciencias Sociales, Salud y Bienestar"",""Universidad Católica Luis Amigó"",true"
"AMIGO-POS-30,""Maestría en Adicciones y Salud Mental (Virtual)"",""Abordaje avanzado virtual para el tratamiento de consumos problemáticos y salud mental."",""Facultad de Ciencias Sociales, Salud y Bienestar"",""Universidad Católica Luis Amigó"",true"
"AMIGO-POS-31,""Especialización en Adicciones (Virtual)"",""Formación virtual en prevención mitigación y tratamiento de conductas adictivas."",""Facultad de Ciencias Sociales, Salud y Bienestar"",""Universidad Católica Luis Amigó"",true"
"AMIGO-POS-32,""Especialización en Intervenciones Psicosociales (Presencial)"",""Herramientas metodológicas para el acompañamiento y mitigación del riesgo social en comunidades."",""Facultad de Ciencias Sociales, Salud y Bienestar"",""Universidad Católica Luis Amigó"",true"
"AMIGO-POS-33,""Especialización en Intervenciones Psicosociales (virtual)"",""Capacitación virtual para la atención psicosocial de individuos familias y grupos sociales."",""Facultad de Ciencias Sociales, Salud y Bienestar"",""Universidad Católica Luis Amigó"",true"
"AMIGO-POS-34,""Especialización en Neuropsicopedagogía Infantil (Presencial)"",""Evaluación y diagnóstico neuropsicológico aplicado a las dificultades de aprendizaje en niños."",""Facultad de Ciencias Sociales, Salud y Bienestar"",""Universidad Católica Luis Amigó"",true"
"AMIGO-POS-35,""Especialización en Neuropsicopedagogía Infantil (Virtual)"",""Formación virtual para optimizar el potencial de aprendizaje infantil desde la neurociencia."",""Facultad de Ciencias Sociales, Salud y Bienestar"",""Universidad Católica Luis Amigó"",true"
