course_code,course_name,course_description,credits,program_code,is_active
"AMIGO-CUR-01,""Introducción a la Psicología"",""Fundamentos históricos y epistemológicos de la ciencia psicológica."",""3"",""AMIGO-PRE-04"",true"
"AMIGO-CUR-02,""Psicología Evolutiva"",""Estudio del desarrollo humano desde la infancia hasta la vejez."",""4"",""AMIGO-PRE-04"",true"
"AMIGO-CUR-03,""Neuroanatomía"",""Análisis estructural y funcional del sistema nervioso humano."",""3"",""AMIGO-PRE-04"",true"
"AMIGO-CUR-04,""Psicopatología General"",""Identificación y diagnóstico de los trastornos mentales comunes."",""4"",""AMIGO-PRE-04"",true"
"AMIGO-CUR-05,""Introducción a la Psicología (Virtual)"",""Fundamentos históricos de la psicología adaptados al entorno virtual."",""3"",""AMIGO-PRE-05"",true"
"AMIGO-CUR-06,""Psicología Social (Virtual)"",""Estudio del comportamiento del individuo en entornos comunitarios."",""3"",""AMIGO-PRE-05"",true"
"AMIGO-CUR-07,""Fundamentos de Trabajo Social"",""Historia y evolución metodológica de la intervención social institucional."",""3"",""AMIGO-PRE-06"",true"
"AMIGO-CUR-08,""Políticas Públicas y Bienestar"",""Análisis del impacto estatal en la garantía de derechos de comunidades."",""4"",""AMIGO-PRE-06"",true"
"AMIGO-PRE-09,""Taller de Diseño Arquitectónico I"",""Fundamentos del diseño espacial composición bidimensional y tridimensional."",""5"",""AMIGO-PRE-07"",true"
"AMIGO-CUR-10,""Urbanismo Sostenible"",""Planificación y diseño de entornos urbanos eco-eficientes."",""3"",""AMIGO-PRE-07"",true"
"AMIGO-CUR-11,""Lógica de Programación"",""Desarrollo del pensamiento algorítmico y estructuras de control básicas."",""3"",""AMIGO-PRE-08"",true"
"AMIGO-CUR-12,""Arquitectura de Software"",""Diseño de estructuras de sistemas patrones y patrones arquitectónicos modernos."",""4"",""AMIGO-PRE-08"",true"
"AMIGO-CUR-13,""Bases de Datos Avanzadas"",""Modelado e implementación de bases de datos relacionales y NoSQL."",""4"",""AMIGO-PRE-08"",true"
"AMIGO-CUR-14,""Ingeniería de Requisitos"",""Técnicas de elicitación modelado y especificación de requerimientos."",""3"",""AMIGO-PRE-08"",true"
"AMIGO-CUR-15,""Fundamentos de Administración"",""Teorías administrativas evolución y funciones del proceso administrativo."",""3"",""AMIGO-PRE-09"",true"
"AMIGO-CUR-16,""Planeación Estratégica"",""Dirección corporativa diseño de objetivos tácticas y matrices de análisis."",""4"",""AMIGO-PRE-09"",true"
"AMIGO-CUR-17,""Gerencia del Talento Humano"",""Estrategias de selección desarrollo y retención del personal empresarial."",""3"",""AMIGO-PRE-09"",true"
"AMIGO-CUR-18,""Contabilidad Financiera I"",""Principios contables registro de transacciones y estados financieros básicos."",""4"",""AMIGO-PRE-10"",true"
"AMIGO-CUR-19,""Costos y Presupuestos"",""Cálculo de costos de producción planeación y control presupuestal."",""3"",""AMIGO-PRE-10"",true"
"AMIGO-CUR-20,""Auditoría Financiera"",""Técnicas de control interno verificación y dictamen de estados contables."",""4"",""AMIGO-PRE-10"",true"
"AMIGO-CUR-21,""Introducción al Derecho"",""Conceptos fundamentales del derecho fuentes y ordenamiento jurídico."",""3"",""AMIGO-PRE-12"",true"
"AMIGO-CUR-22,""Derecho Civil Personas"",""Atributos de la personalidad capacidad jurídica y sujetos de derecho."",""4"",""AMIGO-PRE-12"",true"
"AMIGO-CUR-23,""Derecho Penal General"",""Teoría del delito conducta punible tipicidad antijuridicidad y culpabilidad."",""4"",""AMIGO-PRE-12"",true"
"AMIGO-CUR-24,""Teoría Constitucional"",""Análisis de la constitución derechos fundamentales y estructura del Estado."",""3"",""AMIGO-PRE-12"",true"
"AMIGO-CUR-25,""Teorías de la Comunicación"",""Evolución de los modelos de comunicación y escuelas de pensamiento."",""3"",""AMIGO-PRE-13"",true"
"AMIGO-CUR-26,""Periodismo Informativo"",""Técnicas de redacción géneros periodísticos y reportería de campo."",""4"",""AMIGO-PRE-13"",true"
"AMIGO-CUR-27,""Fundamentos del Diseño Visual"",""Principios de composición color tipografía y lenguaje de la imagen."",""3"",""AMIGO-PRE-14"",true"
"AMIGO-CUR-28,""Diseño de Identidad Corporativa"",""Creación de marcas manuales de identidad visual y branding estratégico."",""4"",""AMIGO-PRE-14"",true"
"AMIGO-CUR-29,""Introducción a la Publicidad"",""Estructura de las agencias de publicidad mercadeo y campañas básicas."",""3"",""AMIGO-PRE-15"",true"
"AMIGO-CUR-30,""Estrategia de Medios"",""Planeación pauta y optimización de canales tradicionales y digitales."",""4"",""AMIGO-PRE-15"",true"
"AMIGO-CUR-31,""Pedagogía y Didáctica General"",""Modelos pedagógicos contemporáneos y estrategias didácticas de aula."",""3"",""AMIGO-PRE-17"",true"
"AMIGO-CUR-32,""Desarrollo de la Infancia Temprana"",""Procesos cognitivos motores y afectivos en niños de cero a seis años."",""4"",""AMIGO-PRE-17"",true"
"AMIGO-CUR-33,""Programación Orientada a Objetos"",""Conceptos de clases objetos herencia polimorfismo y encapsulamiento."",""4"",""AMIGO-TEC-02"",true"
"AMIGO-CUR-34,""Desarrollo Web Frontend"",""Construcción de interfaces interactivas utilizando HTML CSS y JavaScript."",""3"",""AMIGO-TEC-02"",true"
"AMIGO-CUR-35,""Dirección Financiera Avanzada"",""Análisis del riesgo financiero estructuras de capital y valor de empresa."",""4"",""AMIGO-POS-02"",true"
"AMIGO-CUR-36,""Planeación Fiscal y Tributaria"",""Estrategias legales de optimización impositiva y normativa fiscal."",""4"",""AMIGO-POS-07"",true"
"AMIGO-CUR-37,""Argumentación Jurídica Penal"",""Técnicas de debate interpretación y construcción de discursos de defensa."",""4"",""AMIGO-POS-16"",true"
"AMIGO-CUR-38,""Evaluación Neuropsicológica Infantil"",""Aplicación e interpretación de pruebas clínicas para el diagnóstico infantil."",""4"",""AMIGO-POS-34"",true"
