position_name,position_description,position_color,is_active
"Rector,""Máxima autoridad ejecutiva responsable de la dirección general administración y representación legal de la universidad."",""#1a365d"",true"
"Vicerrector,""Apoyo a la alta gerencia en la gestión de las directrices académicas financieras o de extensión institucional."",""#2b6cb0"",true"
"Decano,""Director y máxima autoridad académica y administrativa de una facultad específica encargada de sus programas."",""#3182ce"",true"
"Director de Programa,""Responsable del correcto funcionamiento curricular autoevaluación y desarrollo académico de un pregrado o posgrado."",""#4299e1"",true"
"Coordinador,""Coordina operaciones de mesa y hace seguimiento a los procesos logísticos y operativos del área asignada."",""#fd7e14"",true"
"Docente de Tiempo Completo,""Profesional encargado de las cátedras académicas proyectos de investigación y tutorías de estudiantes."",""#2f855a"",true"
"Docente de Cátedra,""Profesor experto contratado por horas académicas para impartir asignaturas específicas del plan de estudios."",""#48bb78"",true"
"Asistente Administrativo,""Brinda apoyo operativo gestión de agenda archivo atención al usuario y trámites internos de la dependencia."",""#a0aec0"",true"
"Auxiliar de Admisiones,""Encargado de la atención orientación validación de requisitos y matrículas de estudiantes nuevos y antiguos."",""#ed8936"",true"
"Asesor de Bienestar,""Profesional en psicología trabajo social o deportes encargado de los programas de desarrollo humano integral."",""#ecc94b"",true"
"Analista de Sistemas,""Profesional de TI encargado del soporte desarrollo mantenimiento y seguridad de las plataformas institucionales."",""#9f7aea"",true"
"Secretaria de Facultad,""Gestión de correspondencia actas de consejo atención a estudiantes y soporte directo a la decanatura."",""#ed64a6"",true"
"Coordinador de Investigaciones,""Líder encargado de articular los semilleros proyectos de investigación y publicaciones científicas de la facultad."",""#e53e3e"",true"
