area_name,area_description,faculty_name,institution_name,is_active
"Área de Ciencias Sociales Salud y Bienestar,""Coordinación académica de programas enfocados en el comportamiento humano salud mental intervención social y comunitaria."",""Facultad de Ciencias Sociales, Salud y Bienestar"",""Universidad Católica Luis Amigó"",true"
"Área de Ingeniería,""Coordinación y desarrollo de programas en ciencias informáticas optimización industrial y diseño tecnológico."",""Facultad de Ingenierías y Arquitectura"",""Universidad Católica Luis Amigó"",true"
"Área de Arquitectura y Urbanismo,""Dirección de líneas curriculares asociadas al diseño de espacios y planificación del territorio sostenible."",""Facultad de Ingenierías y Arquitectura"",""Universidad Católica Luis Amigó"",true"
"Áreas Administrativa Económica y Contable,""Supervisión académica de programas corporativos financieros contables y de mercados globales."",""Facultad de Ciencias Administrativas, Económicas y Contables"",""Universidad Católica Luis Amigó"",true"
"Área de Derecho y Ciencias Políticas,""Coordinación curricular jurídica derecho procesal constitucional y análisis político de la sociedad."",""Facultad de Derecho y Ciencias Políticas"",""Universidad Católica Luis Amigó"",true"
"Área de Comunicación y Diseño,""Dirección académica de pregrados y posgrados en periodismo marcas publicitarias y comunicación visual."",""Facultad de Comunicación, Publicidad y Diseño"",""Universidad Católica Luis Amigó"",true"
"Área de Educación,""Coordinación pedagógica didáctica y de licenciaturas enfocadas en la primera infancia y docencia superior."",""Facultad de Educación y Humanidades"",""Universidad Católica Luis Amigó"",true"
"Área de Humanidades y Teología,""Dirección de estudios transversales en filosofía teología y desarrollo del pensamiento crítico institucional."",""Facultad de Educación y Humanidades"",""Universidad Católica Luis Amigó"",true"
"Dirección de Admisiones y Registro,""Área administrativa encargada de los procesos de matrícula control académico inscripciones y certificaciones de los estudiantes."",,""Universidad Católica Luis Amigó"",true"
"Dirección de Bienestar Institucional,""Área administrativa orientada al desarrollo integral de la comunidad universitaria a través de la cultura salud deporte y desarrollo humano."",,""Universidad Católica Luis Amigó"",true"
"Vicerrectoría Administrativa y Financiera,""Área administrativa de alta gerencia que gestiona el presupuesto recursos físicos talento humano y sostenibilidad de la institución."",,""Universidad Católica Luis Amigó"",true"
"Dirección de Cooperación Internacional,""Área administrativa enfocada en gestionar los convenios intercambios académicos y la proyección global de la universidad."",,""Universidad Católica Luis Amigó"",true"
"Dirección de Investigaciones y Posgrados,""Área administrativa y científica encargada de articular los semilleros grupos de investigación publicaciones y proyectos de innovación de la institución."",,""Universidad Católica Luis Amigó"",true"
